residue_seq,domain
1,A_domain
2,A_domain
3,A_domain
4,A_domain
5,A_domain
6,A_domain
7,A_domain
8,A_domain
9,A_domain
10,A_domain
11,A_domain
12,A_domain
13,A_domain
14,A_domain
15,A_domain
16,A_domain
17,A_domain
18,A_domain
19,A_domain
20,A_domain
21,A_domain
22,A_domain
23,A_domain
24,A_domain
25,A_domain
26,A_domain
27,A_domain
28,A_domain
29,A_domain
30,A_domain
31,A_domain
32,A_domain
33,A_domain
34,A_domain
35,A_domain
36,A_domain
37,A_domain
38,A_domain
39,A_domain
40,A_domain
41,A_domain
42,A_domain
43,A_domain
44,A_domain
45,A_domain
46,A_domain
47,A_domain
48,TM1-2
49,TM1-2
50,TM1-2
51,TM1-2
52,TM1-2
53,TM1-2
54,TM1-2
55,TM1-2
56,TM1-2
57,TM1-2
58,TM1-2
59,TM1-2
60,TM1-2
61,TM1-2
62,TM1-2
63,TM1-2
64,TM1-2
65,TM1-2
66,TM1-2
67,TM1-2
68,TM1-2
69,TM1-2
70,TM1-2
71,TM1-2
72,TM1-2
73,TM1-2
74,TM1-2
75,TM1-2
76,TM1-2
77,TM1-2
78,TM1-2
79,TM1-2
80,TM1-2
81,TM1-2
82,TM1-2
83,TM1-2
84,TM1-2
85,TM1-2
86,TM1-2
87,TM1-2
88,TM1-2
89,TM1-2
90,TM1-2
91,TM1-2
92,TM1-2
93,TM1-2
94,TM1-2
95,TM1-2
96,TM1-2
97,TM1-2
98,TM1-2
99,TM1-2
100,TM1-2
101,TM1-2
102,TM1-2
103,TM1-2
104,TM1-2
105,TM1-2
106,TM1-2
107,TM1-2
108,TM1-2
109,TM1-2
110,TM1-2
111,TM1-2
112,TM1-2
113,TM1-2
114,TM1-2
115,TM1-2
116,TM1-2
117,TM1-2
118,TM1-2
119,TM1-2
120,TM1-2
121,TM1-2
122,TM1-2
123,A_domain
124,A_domain
125,A_domain
126,A_domain
127,A_domain
128,A_domain
129,A_domain
130,A_domain
131,A_domain
132,A_domain
133,A_domain
134,A_domain
135,A_domain
136,A_domain
137,A_domain
138,A_domain
139,A_domain
140,A_domain
141,A_domain
142,A_domain
143,A_domain
144,A_domain
145,A_domain
146,A_domain
147,A_domain
148,A_domain
149,A_domain
150,A_domain
151,A_domain
152,A_domain
153,A_domain
154,A_domain
155,A_domain
156,A_domain
157,A_domain
158,A_domain
159,A_domain
160,A_domain
161,A_domain
162,A_domain
163,A_domain
164,A_domain
165,A_domain
166,A_domain
167,A_domain
168,A_domain
169,A_domain
170,A_domain
171,A_domain
172,A_domain
173,A_domain
174,A_domain
175,A_domain
176,A_domain
177,A_domain
178,A_domain
179,A_domain
180,A_domain
181,A_domain
182,A_domain
183,A_domain
184,A_domain
185,A_domain
186,A_domain
187,A_domain
188,A_domain
189,A_domain
190,A_domain
191,A_domain
192,A_domain
193,A_domain
194,A_domain
195,A_domain
196,A_domain
197,A_domain
198,A_domain
199,A_domain
200,A_domain
201,A_domain
202,A_domain
203,A_domain
204,A_domain
205,A_domain
206,A_domain
207,A_domain
208,A_domain
209,A_domain
210,A_domain
211,A_domain
212,A_domain
213,A_domain
214,A_domain
215,A_domain
216,A_domain
217,A_domain
218,A_domain
219,A_domain
220,A_domain
221,A_domain
222,A_domain
223,A_domain
224,A_domain
225,A_domain
226,A_domain
227,A_domain
228,A_domain
229,A_domain
230,A_domain
231,A_domain
232,A_domain
233,A_domain
234,A_domain
235,A_domain
236,A_domain
237,A_domain
238,A_domain
239,A_domain
240,A_domain
241,A_domain
242,A_domain
243,A_domain
244,A_domain
245,A_domain
246,A_domain
247,TM3-4
248,TM3-4
249,TM3-4
250,TM3-4
251,TM3-4
252,TM3-4
253,TM3-4
254,TM3-4
255,TM3-4
256,TM3-4
257,TM3-4
258,TM3-4
259,TM3-4
260,TM3-4
261,TM3-4
262,TM3-4
263,TM3-4
264,TM3-4
265,TM3-4
266,TM3-4
267,TM3-4
268,TM3-4
269,TM3-4
270,TM3-4
271,TM3-4
272,TM3-4
273,TM3-4
274,TM3-4
275,TM3-4
276,TM3-4
277,TM3-4
278,TM3-4
279,TM3-4
280,TM3-4
281,TM3-4
282,TM3-4
283,TM3-4
284,TM3-4
285,TM3-4
286,TM3-4
287,TM3-4
288,TM3-4
289,TM3-4
290,TM3-4
291,TM3-4
292,TM3-4
293,TM3-4
294,TM3-4
295,TM3-4
296,TM3-4
297,TM3-4
298,TM3-4
299,TM3-4
300,TM3-4
301,TM3-4
302,TM3-4
303,TM3-4
304,TM3-4
305,TM3-4
306,TM3-4
307,TM3-4
308,TM3-4
309,TM3-4
310,TM3-4
311,TM3-4
312,TM3-4
313,TM3-4
314,TM3-4
315,TM3-4
316,TM3-4
317,TM3-4
318,TM3-4
319,TM3-4
320,TM3-4
321,TM3-4
322,TM3-4
323,TM3-4
324,TM3-4
325,TM3-4
326,TM3-4
327,TM3-4
328,TM3-4
329,TM3-4
330,P_domain
331,P_domain
332,P_domain
333,P_domain
334,P_domain
335,P_domain
336,P_domain
337,P_domain
338,P_domain
339,P_domain
340,P_domain
341,P_domain
342,P_domain
343,P_domain
344,P_domain
345,P_domain
346,P_domain
347,P_domain
348,P_domain
349,P_domain
350,P_domain
351,P_domain
352,P_domain
353,P_domain
354,P_domain
355,P_domain
356,P_domain
357,P_domain
358,P_domain
359,N_domain
360,N_domain
361,N_domain
362,N_domain
363,N_domain
364,N_domain
365,N_domain
366,N_domain
367,N_domain
368,N_domain
369,N_domain
370,N_domain
371,N_domain
372,N_domain
373,N_domain
374,N_domain
375,N_domain
376,N_domain
377,N_domain
378,N_domain
379,N_domain
380,N_domain
381,N_domain
382,N_domain
383,N_domain
384,N_domain
385,N_domain
386,N_domain
387,N_domain
388,N_domain
389,N_domain
390,N_domain
391,N_domain
392,N_domain
393,N_domain
394,N_domain
395,N_domain
396,N_domain
397,N_domain
398,N_domain
399,N_domain
400,N_domain
401,N_domain
402,N_domain
403,N_domain
404,N_domain
405,N_domain
406,N_domain
407,N_domain
408,N_domain
409,N_domain
410,N_domain
411,N_domain
412,N_domain
413,N_domain
414,N_domain
415,N_domain
416,N_domain
417,N_domain
418,N_domain
419,N_domain
420,N_domain
421,N_domain
422,N_domain
423,N_domain
424,N_domain
425,N_domain
426,N_domain
427,N_domain
428,N_domain
429,N_domain
430,N_domain
431,N_domain
432,N_domain
433,N_domain
434,N_domain
435,N_domain
436,N_domain
437,N_domain
438,N_domain
439,N_domain
440,N_domain
441,N_domain
442,N_domain
443,N_domain
444,N_domain
445,N_domain
446,N_domain
447,N_domain
448,N_domain
449,N_domain
450,N_domain
451,N_domain
452,N_domain
453,N_domain
454,N_domain
455,N_domain
456,N_domain
457,N_domain
458,N_domain
459,N_domain
460,N_domain
461,N_domain
462,N_domain
463,N_domain
464,N_domain
465,N_domain
466,N_domain
467,N_domain
468,N_domain
469,N_domain
470,N_domain
471,N_domain
472,N_domain
473,N_domain
474,N_domain
475,N_domain
476,N_domain
477,N_domain
478,N_domain
479,N_domain
480,N_domain
481,N_domain
482,N_domain
483,N_domain
484,N_domain
485,N_domain
486,N_domain
487,N_domain
488,N_domain
489,N_domain
490,N_domain
491,N_domain
492,N_domain
493,N_domain
494,N_domain
495,N_domain
496,N_domain
497,N_domain
498,N_domain
499,N_domain
500,N_domain
501,N_domain
502,N_domain
503,N_domain
504,N_domain
505,N_domain
506,N_domain
507,N_domain
508,N_domain
509,N_domain
510,N_domain
511,N_domain
512,N_domain
513,N_domain
514,N_domain
515,N_domain
516,N_domain
517,N_domain
518,N_domain
519,N_domain
520,N_domain
521,N_domain
522,N_domain
523,N_domain
524,N_domain
525,N_domain
526,N_domain
527,N_domain
528,N_domain
529,N_domain
530,N_domain
531,N_domain
532,N_domain
533,N_domain
534,N_domain
535,N_domain
536,N_domain
537,N_domain
538,N_domain
539,N_domain
540,N_domain
541,N_domain
542,N_domain
543,N_domain
544,N_domain
545,N_domain
546,N_domain
547,N_domain
548,N_domain
549,N_domain
550,N_domain
551,N_domain
552,N_domain
553,N_domain
554,N_domain
555,N_domain
556,N_domain
557,N_domain
558,N_domain
559,N_domain
560,N_domain
561,N_domain
562,N_domain
563,N_domain
564,N_domain
565,N_domain
566,N_domain
567,N_domain
568,N_domain
569,N_domain
570,N_domain
571,N_domain
572,N_domain
573,N_domain
574,N_domain
575,N_domain
576,N_domain
577,N_domain
578,N_domain
579,N_domain
580,N_domain
581,N_domain
582,N_domain
583,N_domain
584,N_domain
585,N_domain
586,N_domain
587,N_domain
588,N_domain
589,N_domain
590,N_domain
591,N_domain
592,N_domain
593,N_domain
594,N_domain
595,N_domain
596,N_domain
597,N_domain
598,N_domain
599,N_domain
600,N_domain
601,N_domain
602,P_domain
603,P_domain
604,P_domain
605,P_domain
606,P_domain
607,P_domain
608,P_domain
609,P_domain
610,P_domain
611,P_domain
612,P_domain
613,P_domain
614,P_domain
615,P_domain
616,P_domain
617,P_domain
618,P_domain
619,P_domain
620,P_domain
621,P_domain
622,P_domain
623,P_domain
624,P_domain
625,P_domain
626,P_domain
627,P_domain
628,P_domain
629,P_domain
630,P_domain
631,P_domain
632,P_domain
633,P_domain
634,P_domain
635,P_domain
636,P_domain
637,P_domain
638,P_domain
639,P_domain
640,P_domain
641,P_domain
642,P_domain
643,P_domain
644,P_domain
645,P_domain
646,P_domain
647,P_domain
648,P_domain
649,P_domain
650,P_domain
651,P_domain
652,P_domain
653,P_domain
654,P_domain
655,P_domain
656,P_domain
657,P_domain
658,P_domain
659,P_domain
660,P_domain
661,P_domain
662,P_domain
663,P_domain
664,P_domain
665,P_domain
666,P_domain
667,P_domain
668,P_domain
669,P_domain
670,P_domain
671,P_domain
672,P_domain
673,P_domain
674,P_domain
675,P_domain
676,P_domain
677,P_domain
678,P_domain
679,P_domain
680,P_domain
681,P_domain
682,P_domain
683,P_domain
684,P_domain
685,P_domain
686,P_domain
687,P_domain
688,P_domain
689,P_domain
690,P_domain
691,P_domain
692,P_domain
693,P_domain
694,P_domain
695,P_domain
696,P_domain
697,P_domain
698,P_domain
699,P_domain
700,P_domain
701,P_domain
702,P_domain
703,P_domain
704,P_domain
705,P_domain
706,P_domain
707,P_domain
708,P_domain
709,P_domain
710,P_domain
711,P_domain
712,P_domain
713,P_domain
714,P_domain
715,P_domain
716,P_domain
717,P_domain
718,P_domain
719,P_domain
720,P_domain
721,P_domain
722,P_domain
723,P_domain
724,P_domain
725,P_domain
726,P_domain
727,P_domain
728,P_domain
729,P_domain
730,P_domain
731,P_domain
732,P_domain
733,P_domain
734,P_domain
735,P_domain
736,P_domain
737,P_domain
738,P_domain
739,P_domain
740,TM5-6
741,TM5-6
742,TM5-6
743,TM5-6
744,TM5-6
745,TM5-6
746,TM5-6
747,TM5-6
748,TM5-6
749,TM5-6
750,TM5-6
751,TM5-6
752,TM5-6
753,TM5-6
754,TM5-6
755,TM5-6
756,TM5-6
757,TM5-6
758,TM5-6
759,TM5-6
760,TM5-6
761,TM5-6
762,TM5-6
763,TM5-6
764,TM5-6
765,TM5-6
766,TM5-6
767,TM5-6
768,TM5-6
769,TM5-6
770,TM5-6
771,TM5-6
772,TM5-6
773,TM5-6
774,TM5-6
775,TM5-6
776,TM5-6
777,TM5-6
778,TM5-6
779,TM5-6
780,TM5-6
781,TM5-6
782,TM5-6
783,TM5-6
784,TM5-6
785,TM5-6
786,TM5-6
787,TM5-6
788,TM5-6
789,TM5-6
790,TM5-6
791,TM5-6
792,TM5-6
793,TM5-6
794,TM5-6
795,TM5-6
796,TM5-6
797,TM5-6
798,TM5-6
799,TM5-6
800,TM5-6
801,TM5-6
802,TM5-6
803,TM5-6
804,TM5-6
805,TM5-6
806,TM5-6
807,TM5-6
808,TM5-6
809,TM5-6
810,TM5-6
811,LoopBetweenTM67
812,LoopBetweenTM67
813,LoopBetweenTM67
814,LoopBetweenTM67
815,LoopBetweenTM67
816,LoopBetweenTM67
817,LoopBetweenTM67
818,LoopBetweenTM67
819,LoopBetweenTM67
820,LoopBetweenTM67
821,LoopBetweenTM67
822,LoopBetweenTM67
823,LoopBetweenTM67
824,LoopBetweenTM67
825,LoopBetweenTM67
826,LoopBetweenTM67
827,LoopBetweenTM67
828,LoopBetweenTM67
829,LoopBetweenTM67
830,TM7-10
831,TM7-10
832,TM7-10
833,TM7-10
834,TM7-10
835,TM7-10
836,TM7-10
837,TM7-10
838,TM7-10
839,TM7-10
840,TM7-10
841,TM7-10
842,TM7-10
843,TM7-10
844,TM7-10
845,TM7-10
846,TM7-10
847,TM7-10
848,TM7-10
849,TM7-10
850,TM7-10
851,TM7-10
852,TM7-10
853,TM7-10
854,TM7-10
855,TM7-10
856,TM7-10
857,TM7-10
858,TM7-10
859,TM7-10
860,TM7-10
861,TM7-10
862,TM7-10
863,TM7-10
864,TM7-10
865,TM7-10
866,TM7-10
867,TM7-10
868,TM7-10
869,TM7-10
870,TM7-10
871,TM7-10
872,TM7-10
873,TM7-10
874,TM7-10
875,TM7-10
876,TM7-10
877,TM7-10
878,TM7-10
879,TM7-10
880,TM7-10
881,TM7-10
882,TM7-10
883,TM7-10
884,TM7-10
885,TM7-10
886,TM7-10
887,TM7-10
888,TM7-10
889,TM7-10
890,TM7-10
891,TM7-10
892,TM7-10
893,TM7-10
894,TM7-10
895,TM7-10
896,TM7-10
897,TM7-10
898,TM7-10
899,TM7-10
900,TM7-10
901,TM7-10
902,TM7-10
903,TM7-10
904,TM7-10
905,TM7-10
906,TM7-10
907,TM7-10
908,TM7-10
909,TM7-10
910,TM7-10
911,TM7-10
912,TM7-10
913,TM7-10
914,TM7-10
915,TM7-10
916,TM7-10
917,TM7-10
918,TM7-10
919,TM7-10
920,TM7-10
921,TM7-10
922,TM7-10
923,TM7-10
924,TM7-10
925,TM7-10
926,TM7-10
927,TM7-10
928,TM7-10
929,TM7-10
930,TM7-10
931,TM7-10
932,TM7-10
933,TM7-10
934,TM7-10
935,TM7-10
936,TM7-10
937,TM7-10
938,TM7-10
939,TM7-10
940,TM7-10
941,TM7-10
942,TM7-10
943,TM7-10
944,TM7-10
945,TM7-10
946,TM7-10
947,TM7-10
948,TM7-10
949,TM7-10
950,TM7-10
951,TM7-10
952,TM7-10
953,TM7-10
954,TM7-10
955,TM7-10
956,TM7-10
957,TM7-10
958,TM7-10
959,TM7-10
960,TM7-10
961,TM7-10
962,TM7-10
963,TM7-10
964,TM7-10
965,TM7-10
966,TM7-10
967,TM7-10
968,TM7-10
969,TM7-10
970,TM7-10
971,TM7-10
972,TM7-10
973,TM7-10
974,TM7-10
975,TM7-10
976,TM7-10
977,TM7-10
978,TM7-10
979,TM7-10
980,TM7-10
981,TM7-10
982,TM7-10
983,TM7-10
984,TM7-10
985,TM7-10
986,TM7-10
987,TM7-10
988,TM7-10
989,TM7-10
990,TM7-10
991,TM7-10
992,TM7-10
993,TM7-10
994,TM7-10
